,With Steps,Without Steps
0,3 pizzas * 12.666666667 slices/pizza = 38 slices,12
1,-1,3
2,246,246
3,252,168
4,1,8
5,3,10
6,2,2
7,2.08,2.16
8,4,4
9,178,178
10,6,14
11,10620,2655
12,57,9
13,46,43
14,398,398
15,0,3
16,0,34
17,16,23
18,22,22
19,"27,898","8,898"
20,-26,74
21,56,56
22,914,914
23,545,773
24,34,28
25,10,18
26,"486,876 - 492,224 = -5,348",4416
27,420,5
28,32,4
29,76,76
30,2,2
31,-2,4
32,667,667
33,16,16
34,192,50
35,701,18
36,9,9
37,$33.,66
38,-694,196
39,10,10
40,2,2
41,5,2
42,3,3
43,There are 540 red peaches in the baskets altogether.,540
44,18,18
45,24,307
46,1.67,160
47,80,80
48,75,75
49,11,11
